,time,open,high,low,close,tick_volume,spread,real_volume
0,2021-10-22 07:15:00,1.1629,1.1629,1.16289,1.1629,11,0,0
1,2021-10-22 07:16:00,1.16289,1.1629,1.16285,1.16285,15,0,0
2,2021-10-22 07:17:00,1.16285,1.16288,1.16284,1.16284,14,0,0
3,2021-10-22 07:18:00,1.16284,1.16287,1.16282,1.16283,11,0,0
4,2021-10-22 07:19:00,1.16283,1.16285,1.16283,1.16284,6,0,0
5,2021-10-22 07:20:00,1.16284,1.16286,1.16283,1.16285,24,0,0
6,2021-10-22 07:21:00,1.16285,1.16285,1.16283,1.16284,10,0,0
7,2021-10-22 07:22:00,1.16284,1.16284,1.1628,1.1628,13,0,0
8,2021-10-22 07:23:00,1.16281,1.16286,1.16281,1.16285,13,0,0
9,2021-10-22 07:24:00,1.16285,1.1629,1.16285,1.1629,5,0,0
10,2021-10-22 07:25:00,1.16288,1.16288,1.16286,1.16288,7,0,0
11,2021-10-22 07:26:00,1.16288,1.16288,1.16282,1.16283,22,0,0
12,2021-10-22 07:27:00,1.16283,1.16288,1.16283,1.16285,24,0,0
13,2021-10-22 07:28:00,1.16285,1.16285,1.16285,1.16285,1,0,0
14,2021-10-22 07:29:00,1.16285,1.16285,1.16285,1.16285,1,0,0
15,2021-10-22 07:30:00,1.16285,1.16287,1.16284,1.16286,8,0,0
16,2021-10-22 07:31:00,1.16285,1.16287,1.16284,1.16285,8,0,0
17,2021-10-22 07:32:00,1.16285,1.16285,1.1628,1.16283,14,0,0
18,2021-10-22 07:33:00,1.16283,1.16285,1.16282,1.16284,9,0,0
19,2021-10-22 07:34:00,1.16284,1.16285,1.16278,1.16281,26,0,0
20,2021-10-22 07:35:00,1.16281,1.16285,1.1628,1.16285,14,0,0
21,2021-10-22 07:36:00,1.16285,1.16287,1.16283,1.16285,19,0,0
22,2021-10-22 07:37:00,1.16284,1.16284,1.16282,1.16282,3,0,0
23,2021-10-22 07:38:00,1.16282,1.16283,1.16282,1.16283,2,0,0
24,2021-10-22 07:39:00,1.16284,1.16285,1.16284,1.16284,7,0,0
25,2021-10-22 07:40:00,1.16283,1.16284,1.16278,1.16278,16,0,0
26,2021-10-22 07:41:00,1.1628,1.1628,1.16278,1.16279,6,0,0
27,2021-10-22 07:42:00,1.16279,1.1628,1.16273,1.1627399999999999,9,0,0
28,2021-10-22 07:43:00,1.16275,1.16275,1.1627399999999999,1.1627399999999999,2,0,0
29,2021-10-22 07:44:00,1.16275,1.16284,1.16275,1.16283,23,0,0
30,2021-10-22 07:45:00,1.16283,1.16283,1.16278,1.16278,5,0,0
31,2021-10-22 07:46:00,1.16278,1.16278,1.16278,1.16278,1,2,0
32,2021-10-22 07:47:00,1.16278,1.16279,1.16277,1.16277,4,0,0
33,2021-10-22 07:48:00,1.16277,1.16278,1.16272,1.16273,8,0,0
34,2021-10-22 07:49:00,1.16273,1.16273,1.16267,1.16268,13,0,0
35,2021-10-22 07:50:00,1.16269,1.16269,1.16268,1.16268,12,0,0
36,2021-10-22 07:51:00,1.16268,1.16269,1.16267,1.16267,8,0,0
37,2021-10-22 07:52:00,1.16269,1.16269,1.16267,1.16267,3,0,0
38,2021-10-22 07:53:00,1.16267,1.16273,1.16267,1.16273,8,0,0
39,2021-10-22 07:54:00,1.16273,1.1627399999999999,1.16271,1.16271,7,0,0
40,2021-10-22 07:55:00,1.16271,1.16271,1.16257,1.16257,20,0,0
41,2021-10-22 07:56:00,1.16256,1.16258,1.16251,1.16253,31,0,0
42,2021-10-22 07:57:00,1.16255,1.16256,1.16251,1.16251,5,0,0
43,2021-10-22 07:58:00,1.16251,1.16253,1.16247,1.16253,21,0,0
44,2021-10-22 07:59:00,1.16252,1.1626,1.16252,1.1626,33,0,0
45,2021-10-22 08:00:00,1.16261,1.16263,1.16259,1.16259,34,0,0
46,2021-10-22 08:01:00,1.16259,1.16261,1.16258,1.16259,16,0,0
47,2021-10-22 08:02:00,1.16259,1.16259,1.16258,1.16259,15,0,0
48,2021-10-22 08:03:00,1.16258,1.16267,1.16258,1.16266,17,0,0
49,2021-10-22 08:04:00,1.16266,1.16271,1.16266,1.1627,40,0,0
50,2021-10-22 08:05:00,1.16269,1.1627399999999999,1.16269,1.16273,14,0,0
51,2021-10-22 08:06:00,1.16273,1.1628,1.16273,1.1628,25,0,0
52,2021-10-22 08:07:00,1.16279,1.1628,1.16278,1.16278,12,0,0
53,2021-10-22 08:08:00,1.16278,1.16278,1.16276,1.16278,13,0,0
54,2021-10-22 08:09:00,1.16278,1.16278,1.1627399999999999,1.1627399999999999,3,0,0
55,2021-10-22 08:10:00,1.16273,1.16278,1.16272,1.16277,30,0,0
56,2021-10-22 08:11:00,1.16277,1.16278,1.16277,1.16278,78,0,0
57,2021-10-22 08:12:00,1.16278,1.16278,1.16267,1.16267,35,0,0
58,2021-10-22 08:13:00,1.16269,1.16273,1.1626400000000001,1.16272,16,0,0
59,2021-10-22 08:14:00,1.16272,1.16272,1.16269,1.1627,7,0,0
60,2021-10-22 08:15:00,1.1627,1.16271,1.16268,1.16268,13,0,0
61,2021-10-22 08:16:00,1.16269,1.1627399999999999,1.16268,1.16269,7,0,0
62,2021-10-22 08:17:00,1.16269,1.1627,1.16269,1.1627,10,0,0
63,2021-10-22 08:18:00,1.1627,1.16271,1.16269,1.16269,6,0,0
64,2021-10-22 08:19:00,1.16269,1.1627,1.16269,1.16269,3,0,0
65,2021-10-22 08:20:00,1.16268,1.16268,1.16267,1.16267,4,0,0
66,2021-10-22 08:21:00,1.16267,1.16267,1.16262,1.16262,7,0,0
67,2021-10-22 08:22:00,1.16263,1.16263,1.16261,1.16262,12,0,0
68,2021-10-22 08:23:00,1.16262,1.16262,1.16257,1.16257,8,0,0
69,2021-10-22 08:24:00,1.16258,1.16263,1.16258,1.16263,11,0,0
70,2021-10-22 08:25:00,1.16263,1.1626400000000001,1.16262,1.16263,11,0,0
71,2021-10-22 08:26:00,1.1626400000000001,1.1626400000000001,1.16262,1.16263,10,0,0
72,2021-10-22 08:27:00,1.16263,1.16268,1.16263,1.16268,10,0,0
73,2021-10-22 08:28:00,1.16268,1.1627,1.16266,1.16268,20,0,0
74,2021-10-22 08:29:00,1.16268,1.16271,1.16268,1.16268,12,0,0
75,2021-10-22 08:30:00,1.16268,1.16268,1.16265,1.16266,23,0,0
76,2021-10-22 08:31:00,1.16266,1.16269,1.16263,1.16263,37,0,0
77,2021-10-22 08:32:00,1.1626400000000001,1.16272,1.1626400000000001,1.16271,6,0,0
78,2021-10-22 08:33:00,1.16271,1.16271,1.16269,1.16269,5,0,0
79,2021-10-22 08:34:00,1.16269,1.16271,1.16269,1.1627,12,0,0
80,2021-10-22 08:35:00,1.16269,1.16283,1.16269,1.16279,23,0,0
81,2021-10-22 08:36:00,1.16279,1.16282,1.16278,1.16282,18,0,0
82,2021-10-22 08:37:00,1.16282,1.16284,1.16279,1.16282,16,0,0
83,2021-10-22 08:38:00,1.16282,1.16282,1.16276,1.1628,17,0,0
84,2021-10-22 08:39:00,1.1628,1.16283,1.16277,1.16279,39,0,0
85,2021-10-22 08:40:00,1.16278,1.16279,1.16272,1.16278,34,0,0
86,2021-10-22 08:41:00,1.16278,1.16281,1.16277,1.16281,15,0,0
87,2021-10-22 08:42:00,1.1628,1.16283,1.1628,1.16281,42,0,0
88,2021-10-22 08:43:00,1.16281,1.16289,1.16281,1.16289,29,0,0
89,2021-10-22 08:44:00,1.16289,1.16295,1.16275,1.16275,30,0,0
90,2021-10-22 08:45:00,1.16276,1.16281,1.1627399999999999,1.16276,56,0,0
91,2021-10-22 08:46:00,1.16277,1.16281,1.16277,1.16281,19,0,0
92,2021-10-22 08:47:00,1.16282,1.16285,1.16279,1.16281,30,0,0
93,2021-10-22 08:48:00,1.16281,1.16288,1.16281,1.16287,29,0,0
94,2021-10-22 08:49:00,1.16285,1.16288,1.16283,1.16283,13,0,0
95,2021-10-22 08:50:00,1.16285,1.16288,1.16281,1.16282,20,0,0
96,2021-10-22 08:51:00,1.16282,1.16282,1.16276,1.16277,19,0,0
97,2021-10-22 08:52:00,1.16277,1.16281,1.16273,1.16273,33,0,0
98,2021-10-22 08:53:00,1.16272,1.16276,1.16269,1.16275,36,0,0
99,2021-10-22 08:54:00,1.1627399999999999,1.16276,1.16268,1.16268,13,0,0
100,2021-10-22 08:55:00,1.16267,1.16267,1.1626400000000001,1.1626400000000001,42,0,0
101,2021-10-22 08:56:00,1.1626400000000001,1.1626400000000001,1.16253,1.16255,24,0,0
102,2021-10-22 08:57:00,1.16254,1.16258,1.16254,1.16256,14,0,0
103,2021-10-22 08:58:00,1.16256,1.1626400000000001,1.16255,1.16263,52,0,0
104,2021-10-22 08:59:00,1.16263,1.16271,1.16262,1.16269,69,0,0
105,2021-10-22 09:00:00,1.16268,1.16268,1.16238,1.16262,95,0,0
106,2021-10-22 09:01:00,1.16262,1.16263,1.16251,1.16257,58,0,0
107,2021-10-22 09:02:00,1.16257,1.1626400000000001,1.1625,1.16255,165,0,0
108,2021-10-22 09:03:00,1.16253,1.16257,1.16246,1.16247,56,0,0
109,2021-10-22 09:04:00,1.16247,1.1626,1.16247,1.16259,43,0,0
110,2021-10-22 09:05:00,1.16257,1.16269,1.16257,1.1626400000000001,57,0,0
111,2021-10-22 09:06:00,1.1626400000000001,1.1626400000000001,1.16246,1.16247,51,0,0
112,2021-10-22 09:07:00,1.16247,1.16258,1.16246,1.1625,55,0,0
113,2021-10-22 09:08:00,1.1625,1.16252,1.16238,1.16241,59,0,0
114,2021-10-22 09:09:00,1.16241,1.16259,1.16241,1.16253,57,0,0
115,2021-10-22 09:10:00,1.16254,1.1626,1.16249,1.16254,74,0,0
116,2021-10-22 09:11:00,1.16254,1.16266,1.1625,1.16257,63,0,0
117,2021-10-22 09:12:00,1.16257,1.16259,1.1625,1.16254,97,0,0
118,2021-10-22 09:13:00,1.16254,1.16263,1.16254,1.16259,63,0,0
119,2021-10-22 09:14:00,1.16259,1.16263,1.16248,1.16259,83,0,0
120,2021-10-22 09:15:00,1.16261,1.16265,1.16248,1.16249,59,0,0
121,2021-10-22 09:16:00,1.16249,1.16252,1.1623999999999999,1.16252,39,0,0
122,2021-10-22 09:17:00,1.16251,1.16252,1.16244,1.16244,23,0,0
123,2021-10-22 09:18:00,1.16244,1.16252,1.1623999999999999,1.16251,44,0,0
124,2021-10-22 09:19:00,1.16252,1.16254,1.16248,1.16253,23,0,0
125,2021-10-22 09:20:00,1.16253,1.16253,1.16238,1.16239,49,0,0
126,2021-10-22 09:21:00,1.16239,1.16243,1.16234,1.16239,50,0,0
127,2021-10-22 09:22:00,1.16239,1.16244,1.16236,1.16243,42,0,0
128,2021-10-22 09:23:00,1.16243,1.16279,1.16239,1.16277,84,0,0
129,2021-10-22 09:24:00,1.16277,1.163,1.16275,1.16297,70,0,0
130,2021-10-22 09:25:00,1.16297,1.16329,1.16296,1.16329,124,0,0
131,2021-10-22 09:26:00,1.16328,1.16356,1.16328,1.16349,124,0,0
132,2021-10-22 09:27:00,1.16349,1.16352,1.16333,1.16343,100,0,0
133,2021-10-22 09:28:00,1.16344,1.16344,1.16332,1.16336,62,0,0
134,2021-10-22 09:29:00,1.16336,1.16336,1.16322,1.16323,40,0,0
135,2021-10-22 09:30:00,1.16322,1.1633,1.1631,1.16329,71,0,0
136,2021-10-22 09:31:00,1.1633,1.16338,1.16324,1.1633499999999999,81,0,0
137,2021-10-22 09:32:00,1.1633499999999999,1.16336,1.16324,1.16333,86,0,0
138,2021-10-22 09:33:00,1.16333,1.16334,1.16319,1.16327,73,0,0
139,2021-10-22 09:34:00,1.16327,1.16334,1.16323,1.16327,54,0,0
140,2021-10-22 09:35:00,1.16329,1.16333,1.16326,1.1633,37,0,0
141,2021-10-22 09:36:00,1.16329,1.16329,1.16322,1.1632500000000001,53,0,0
142,2021-10-22 09:37:00,1.1632500000000001,1.16331,1.1632500000000001,1.16327,27,0,0
143,2021-10-22 09:38:00,1.16327,1.16337,1.16327,1.16333,69,0,0
144,2021-10-22 09:39:00,1.16333,1.16346,1.16329,1.16346,50,0,0
145,2021-10-22 09:40:00,1.16346,1.16348,1.1634,1.1634,45,0,0
146,2021-10-22 09:41:00,1.16341,1.16344,1.1633499999999999,1.1633499999999999,43,0,0
147,2021-10-22 09:42:00,1.1633499999999999,1.16339,1.16334,1.1633499999999999,33,0,0
148,2021-10-22 09:43:00,1.16336,1.16339,1.16324,1.1633499999999999,39,0,0
149,2021-10-22 09:44:00,1.16336,1.16343,1.1633499999999999,1.1634,57,0,0
150,2021-10-22 09:45:00,1.1634,1.16352,1.1633499999999999,1.16351,102,0,0
151,2021-10-22 09:46:00,1.1635,1.16357,1.16346,1.16353,66,0,0
152,2021-10-22 09:47:00,1.16353,1.16358,1.16349,1.16352,56,0,0
153,2021-10-22 09:48:00,1.16349,1.16353,1.16329,1.16341,55,0,0
154,2021-10-22 09:49:00,1.16342,1.16345,1.16339,1.16341,43,0,0
155,2021-10-22 09:50:00,1.16341,1.16358,1.1634,1.16357,44,0,0
156,2021-10-22 09:51:00,1.16357,1.1636,1.16345,1.16346,35,0,0
157,2021-10-22 09:52:00,1.16346,1.16355,1.16341,1.16352,49,0,0
158,2021-10-22 09:53:00,1.16353,1.16374,1.1635,1.16373,68,0,0
159,2021-10-22 09:54:00,1.16373,1.16373,1.1635900000000001,1.16366,104,0,0
160,2021-10-22 09:55:00,1.16366,1.16375,1.16365,1.16374,84,0,0
161,2021-10-22 09:56:00,1.16374,1.16374,1.1635900000000001,1.1636199999999999,66,0,0
162,2021-10-22 09:57:00,1.1636199999999999,1.16377,1.1635900000000001,1.16372,68,0,0
163,2021-10-22 09:58:00,1.1637,1.16382,1.16368,1.16369,74,0,0
164,2021-10-22 09:59:00,1.16369,1.16369,1.1636,1.16364,31,0,0
165,2021-10-22 10:00:00,1.16364,1.1638600000000001,1.1636199999999999,1.16364,91,0,0
166,2021-10-22 10:01:00,1.16365,1.16369,1.16353,1.16358,86,0,0
167,2021-10-22 10:02:00,1.16357,1.16388,1.16355,1.16385,80,0,0
168,2021-10-22 10:03:00,1.16387,1.16395,1.16378,1.16383,72,0,0
169,2021-10-22 10:04:00,1.16383,1.16385,1.1637,1.16377,102,0,0
170,2021-10-22 10:05:00,1.16377,1.16384,1.16377,1.16378,61,0,0
171,2021-10-22 10:06:00,1.16378,1.16378,1.16356,1.1636,63,0,0
172,2021-10-22 10:07:00,1.1635900000000001,1.16371,1.1635900000000001,1.16363,94,0,0
173,2021-10-22 10:08:00,1.16363,1.16373,1.16361,1.16369,82,0,0
174,2021-10-22 10:09:00,1.16369,1.16381,1.1636,1.16379,81,0,0
175,2021-10-22 10:10:00,1.16379,1.16383,1.16365,1.16369,93,0,0
176,2021-10-22 10:11:00,1.16367,1.1638,1.16363,1.16379,49,0,0
177,2021-10-22 10:12:00,1.1638,1.16392,1.16376,1.16392,64,0,0
178,2021-10-22 10:13:00,1.16392,1.16404,1.16391,1.16394,70,0,0
179,2021-10-22 10:14:00,1.16394,1.16394,1.16376,1.16376,68,0,0
180,2021-10-22 10:15:00,1.16387,1.16388,1.16365,1.16378,105,0,0
181,2021-10-22 10:16:00,1.16377,1.16394,1.16376,1.1638,58,0,0
182,2021-10-22 10:17:00,1.16379,1.164,1.16376,1.164,76,0,0
183,2021-10-22 10:18:00,1.164,1.16411,1.16397,1.16401,74,0,0
184,2021-10-22 10:19:00,1.16401,1.16403,1.1638600000000001,1.1639599999999999,89,0,0
185,2021-10-22 10:20:00,1.1639599999999999,1.1642299999999999,1.16395,1.164,109,0,0
186,2021-10-22 10:21:00,1.164,1.16409,1.16399,1.16409,92,0,0
187,2021-10-22 10:22:00,1.16411,1.16412,1.1639599999999999,1.164,72,0,0
188,2021-10-22 10:23:00,1.164,1.16409,1.164,1.16406,43,0,0
189,2021-10-22 10:24:00,1.16406,1.16413,1.16398,1.16413,63,0,0
190,2021-10-22 10:25:00,1.16413,1.16421,1.16398,1.16403,74,0,0
191,2021-10-22 10:26:00,1.16404,1.16413,1.16398,1.16407,56,0,0
192,2021-10-22 10:27:00,1.16407,1.16409,1.164,1.16405,49,0,0
193,2021-10-22 10:28:00,1.16404,1.16408,1.164,1.16403,30,0,0
194,2021-10-22 10:29:00,1.16403,1.16404,1.16391,1.16392,75,0,0
195,2021-10-22 10:30:00,1.16393,1.16417,1.1639,1.16397,120,0,0
196,2021-10-22 10:31:00,1.16397,1.16419,1.16397,1.16419,39,0,0
197,2021-10-22 10:32:00,1.16419,1.16445,1.16412,1.1644,91,0,0
198,2021-10-22 10:33:00,1.16439,1.1645699999999999,1.16432,1.16451,92,0,0
199,2021-10-22 10:34:00,1.16451,1.16452,1.16439,1.16445,111,0,0
200,2021-10-22 10:35:00,1.16445,1.16453,1.16441,1.1644700000000001,98,0,0
201,2021-10-22 10:36:00,1.16448,1.16448,1.16425,1.16425,81,0,0
202,2021-10-22 10:37:00,1.16426,1.16448,1.16425,1.1644,67,0,0
203,2021-10-22 10:38:00,1.1644,1.16453,1.16439,1.16446,71,0,0
204,2021-10-22 10:39:00,1.16446,1.1646,1.16442,1.16458,96,0,0
205,2021-10-22 10:40:00,1.1645699999999999,1.16461,1.1645,1.1645699999999999,81,0,0
206,2021-10-22 10:41:00,1.1645699999999999,1.16466,1.16444,1.16449,92,0,0
207,2021-10-22 10:42:00,1.1645,1.16453,1.16437,1.16446,72,0,0
208,2021-10-22 10:43:00,1.16446,1.1645,1.16439,1.16439,61,0,0
209,2021-10-22 10:44:00,1.1644,1.16449,1.1643,1.16431,57,0,0
210,2021-10-22 10:45:00,1.16431,1.16441,1.16425,1.16432,67,0,0
211,2021-10-22 10:46:00,1.16432,1.16437,1.16426,1.16437,54,0,0
212,2021-10-22 10:47:00,1.16437,1.16445,1.16437,1.16439,61,0,0
213,2021-10-22 10:48:00,1.16439,1.16448,1.16434,1.1644700000000001,44,0,0
214,2021-10-22 10:49:00,1.16446,1.16448,1.16425,1.16431,84,0,0
215,2021-10-22 10:50:00,1.16431,1.16439,1.16428,1.16433,56,0,0
216,2021-10-22 10:51:00,1.16433,1.16436,1.16421,1.16424,55,0,0
217,2021-10-22 10:52:00,1.16424,1.16434,1.16424,1.16432,44,0,0
218,2021-10-22 10:53:00,1.16427,1.16427,1.16407,1.16409,51,0,0
219,2021-10-22 10:54:00,1.16411,1.1642299999999999,1.16408,1.16416,48,0,0
220,2021-10-22 10:55:00,1.16416,1.16435,1.16416,1.1643,57,0,0
221,2021-10-22 10:56:00,1.1643,1.16444,1.1643,1.16444,47,0,0
222,2021-10-22 10:57:00,1.16443,1.16443,1.16427,1.16428,38,0,0
223,2021-10-22 10:58:00,1.16428,1.16435,1.16424,1.16428,60,0,0
224,2021-10-22 10:59:00,1.16429,1.16436,1.16417,1.16419,97,0,0
225,2021-10-22 11:00:00,1.16418,1.16425,1.16402,1.16403,142,0,0
226,2021-10-22 11:01:00,1.16403,1.16403,1.16388,1.16403,77,0,0
227,2021-10-22 11:02:00,1.16404,1.16414,1.16403,1.16407,76,0,0
228,2021-10-22 11:03:00,1.16407,1.16418,1.16404,1.16408,67,0,0
229,2021-10-22 11:04:00,1.16408,1.16417,1.16404,1.16409,62,0,0
230,2021-10-22 11:05:00,1.1641,1.16422,1.1641,1.16419,53,0,0
231,2021-10-22 11:06:00,1.16419,1.16426,1.16415,1.16426,52,0,0
232,2021-10-22 11:07:00,1.16427,1.16432,1.16421,1.1643,60,0,0
233,2021-10-22 11:08:00,1.16431,1.16435,1.16409,1.16417,60,0,0
234,2021-10-22 11:09:00,1.16417,1.16432,1.16416,1.1643,60,0,0
235,2021-10-22 11:10:00,1.1643,1.16438,1.16424,1.1643,71,0,0
236,2021-10-22 11:11:00,1.16431,1.16438,1.1643,1.16436,53,0,0
237,2021-10-22 11:12:00,1.16431,1.1644700000000001,1.1643,1.16446,72,0,0
238,2021-10-22 11:13:00,1.16446,1.16446,1.16429,1.16429,38,0,0
239,2021-10-22 11:14:00,1.16429,1.16439,1.16429,1.16434,65,0,0
240,2021-10-22 11:15:00,1.16433,1.16441,1.1643,1.1644,66,0,0
241,2021-10-22 11:16:00,1.1644,1.16461,1.1644,1.16459,48,0,0
242,2021-10-22 11:17:00,1.16459,1.16465,1.16453,1.1645699999999999,53,0,0
243,2021-10-22 11:18:00,1.1645699999999999,1.1646,1.1644700000000001,1.16455,45,0,0
244,2021-10-22 11:19:00,1.16454,1.1645699999999999,1.16449,1.16453,55,0,0
245,2021-10-22 11:20:00,1.16453,1.16453,1.16442,1.16448,55,0,0
246,2021-10-22 11:21:00,1.16448,1.16453,1.1644,1.1644,38,0,0
247,2021-10-22 11:22:00,1.1644,1.16449,1.1644,1.16441,42,0,0
248,2021-10-22 11:23:00,1.16441,1.1644700000000001,1.16441,1.1644700000000001,52,0,0
249,2021-10-22 11:24:00,1.1644700000000001,1.1644700000000001,1.16435,1.16438,57,0,0
250,2021-10-22 11:25:00,1.16439,1.1644,1.16428,1.16428,41,0,0
251,2021-10-22 11:26:00,1.16428,1.16439,1.16428,1.16439,36,0,0
252,2021-10-22 11:27:00,1.16439,1.16441,1.16424,1.16425,23,0,0
253,2021-10-22 11:28:00,1.16425,1.16427,1.1642000000000001,1.16421,42,0,0
254,2021-10-22 11:29:00,1.16425,1.16427,1.16407,1.16417,50,0,0
255,2021-10-22 11:30:00,1.16418,1.16435,1.16415,1.16427,92,0,0
256,2021-10-22 11:31:00,1.16427,1.16442,1.16427,1.16437,77,0,0
257,2021-10-22 11:32:00,1.16437,1.16439,1.16427,1.16429,64,0,0
258,2021-10-22 11:33:00,1.1643,1.16444,1.16427,1.16444,74,0,0
259,2021-10-22 11:34:00,1.16445,1.16448,1.16436,1.16446,77,0,0
260,2021-10-22 11:35:00,1.1644700000000001,1.1644700000000001,1.16437,1.16437,48,0,0
261,2021-10-22 11:36:00,1.16439,1.1644,1.1643,1.16436,75,0,0
262,2021-10-22 11:37:00,1.16436,1.16436,1.16425,1.16426,49,0,0
263,2021-10-22 11:38:00,1.16426,1.1643,1.16417,1.1642000000000001,54,0,0
264,2021-10-22 11:39:00,1.16418,1.16425,1.16415,1.16416,105,0,0
265,2021-10-22 11:40:00,1.16416,1.16421,1.16413,1.16415,79,0,0
266,2021-10-22 11:41:00,1.16416,1.1643,1.16413,1.1643,54,0,0
267,2021-10-22 11:42:00,1.1643,1.16438,1.16427,1.16427,88,0,0
268,2021-10-22 11:43:00,1.16427,1.16433,1.16422,1.16433,57,0,0
269,2021-10-22 11:44:00,1.16433,1.16438,1.16426,1.16426,35,0,0
270,2021-10-22 11:45:00,1.16428,1.16428,1.16415,1.16417,42,0,0
271,2021-10-22 11:46:00,1.16418,1.16427,1.16415,1.16421,55,0,0
272,2021-10-22 11:47:00,1.16421,1.1642299999999999,1.16405,1.16408,43,0,0
273,2021-10-22 11:48:00,1.16408,1.16413,1.16407,1.16408,37,0,0
274,2021-10-22 11:49:00,1.16408,1.16408,1.16399,1.16399,53,0,0
275,2021-10-22 11:50:00,1.16399,1.16403,1.16397,1.16402,47,0,0
276,2021-10-22 11:51:00,1.16401,1.16402,1.16395,1.1639599999999999,29,0,0
277,2021-10-22 11:52:00,1.1639599999999999,1.16409,1.16391,1.16408,51,0,0
278,2021-10-22 11:53:00,1.16408,1.1641,1.16402,1.16407,39,0,0
279,2021-10-22 11:54:00,1.16407,1.1641,1.16402,1.16407,32,0,0
280,2021-10-22 11:55:00,1.16407,1.16422,1.16406,1.16421,67,0,0
281,2021-10-22 11:56:00,1.16421,1.16427,1.16414,1.1642000000000001,49,0,0
282,2021-10-22 11:57:00,1.16419,1.16422,1.16413,1.16414,60,0,0
283,2021-10-22 11:58:00,1.16415,1.16415,1.16407,1.16415,93,0,0
284,2021-10-22 11:59:00,1.16416,1.16416,1.16398,1.16412,123,0,0
285,2021-10-22 12:00:00,1.16412,1.16414,1.16383,1.16391,102,0,0
286,2021-10-22 12:01:00,1.16391,1.16415,1.16391,1.1639599999999999,110,0,0
287,2021-10-22 12:02:00,1.1639599999999999,1.16398,1.16384,1.16384,76,0,0
288,2021-10-22 12:03:00,1.16385,1.1639,1.1638,1.16385,34,0,0
289,2021-10-22 12:04:00,1.16385,1.1638600000000001,1.16378,1.1638,25,0,0
290,2021-10-22 12:05:00,1.1638,1.16389,1.1638,1.16382,44,0,0
291,2021-10-22 12:06:00,1.16382,1.16384,1.16365,1.16366,35,0,0
292,2021-10-22 12:07:00,1.16366,1.16371,1.16361,1.16361,38,0,0
293,2021-10-22 12:08:00,1.16361,1.16366,1.16355,1.16366,53,0,0
294,2021-10-22 12:09:00,1.16366,1.16373,1.1636199999999999,1.16372,47,0,0
295,2021-10-22 12:10:00,1.16371,1.16387,1.16371,1.16387,39,0,0
296,2021-10-22 12:11:00,1.16387,1.16393,1.1638600000000001,1.16387,38,0,0
297,2021-10-22 12:12:00,1.16387,1.16389,1.16367,1.1637,101,0,0
298,2021-10-22 12:13:00,1.16371,1.16374,1.1637,1.16372,40,0,0
299,2021-10-22 12:14:00,1.16372,1.16383,1.16371,1.16372,63,0,0
300,2021-10-22 12:15:00,1.16372,1.16375,1.16371,1.16372,46,0,0
301,2021-10-22 12:16:00,1.16372,1.16372,1.16357,1.16364,47,0,0
302,2021-10-22 12:17:00,1.16363,1.16368,1.1636,1.1636,48,0,0
303,2021-10-22 12:18:00,1.1636,1.16365,1.16357,1.16364,54,0,0
304,2021-10-22 12:19:00,1.16365,1.16365,1.16347,1.16348,38,0,0
305,2021-10-22 12:20:00,1.16349,1.16349,1.16342,1.16347,26,0,0
306,2021-10-22 12:21:00,1.16346,1.16351,1.16345,1.16347,43,0,0
307,2021-10-22 12:22:00,1.16347,1.16356,1.16345,1.16354,46,0,0
308,2021-10-22 12:23:00,1.16354,1.1636,1.16346,1.16351,53,0,0
309,2021-10-22 12:24:00,1.16352,1.16356,1.16348,1.16348,39,0,0
310,2021-10-22 12:25:00,1.16349,1.16361,1.16349,1.16351,67,0,0
311,2021-10-22 12:26:00,1.16352,1.1636199999999999,1.16352,1.16352,64,0,0
312,2021-10-22 12:27:00,1.16352,1.16352,1.16343,1.16345,49,0,0
313,2021-10-22 12:28:00,1.16345,1.16354,1.16338,1.16353,55,0,0
314,2021-10-22 12:29:00,1.16352,1.16357,1.16342,1.16352,53,0,0
315,2021-10-22 12:30:00,1.16352,1.16354,1.16347,1.16348,38,0,0
316,2021-10-22 12:31:00,1.16348,1.16349,1.16343,1.16346,55,0,0
317,2021-10-22 12:32:00,1.16346,1.16357,1.16346,1.16349,36,0,0
318,2021-10-22 12:33:00,1.16349,1.16349,1.16342,1.16346,43,0,0
319,2021-10-22 12:34:00,1.16347,1.16353,1.16347,1.16352,54,0,0
320,2021-10-22 12:35:00,1.16352,1.16358,1.16351,1.16357,29,0,0
321,2021-10-22 12:36:00,1.16358,1.16363,1.16352,1.16363,25,0,0
322,2021-10-22 12:37:00,1.16363,1.1638,1.16363,1.16372,63,0,0
323,2021-10-22 12:38:00,1.16372,1.16374,1.16356,1.16363,95,0,0
324,2021-10-22 12:39:00,1.16364,1.16369,1.1635900000000001,1.16367,39,0,0
325,2021-10-22 12:40:00,1.16367,1.16369,1.1636199999999999,1.16367,45,0,0
326,2021-10-22 12:41:00,1.16368,1.16377,1.16365,1.16377,46,0,0
327,2021-10-22 12:42:00,1.16377,1.16379,1.1637,1.16373,30,0,0
328,2021-10-22 12:43:00,1.16373,1.16375,1.16373,1.16374,15,0,0
329,2021-10-22 12:44:00,1.16374,1.16379,1.16369,1.16379,41,0,0
330,2021-10-22 12:45:00,1.16379,1.1639,1.16377,1.16387,25,0,0
331,2021-10-22 12:46:00,1.16387,1.16392,1.16382,1.16388,55,0,0
332,2021-10-22 12:47:00,1.16387,1.16394,1.1638600000000001,1.16393,34,0,0
333,2021-10-22 12:48:00,1.16392,1.16402,1.16391,1.16391,46,0,0
334,2021-10-22 12:49:00,1.16392,1.16393,1.16387,1.16387,24,0,0
335,2021-10-22 12:50:00,1.16387,1.16387,1.16377,1.16377,25,0,0
336,2021-10-22 12:51:00,1.16377,1.16383,1.16376,1.1638,50,0,0
337,2021-10-22 12:52:00,1.1638,1.16388,1.1638,1.16388,29,0,0
338,2021-10-22 12:53:00,1.16388,1.16393,1.1638,1.16392,35,0,0
339,2021-10-22 12:54:00,1.16391,1.16392,1.1638,1.16382,37,0,0
340,2021-10-22 12:55:00,1.16385,1.16393,1.16385,1.16387,47,0,0
341,2021-10-22 12:56:00,1.16387,1.1639599999999999,1.16387,1.16393,33,0,0
342,2021-10-22 12:57:00,1.16392,1.16415,1.16392,1.16415,89,0,0
343,2021-10-22 12:58:00,1.16415,1.16428,1.16413,1.16427,66,0,0
344,2021-10-22 12:59:00,1.16426,1.16428,1.16413,1.16422,56,0,0
345,2021-10-22 13:00:00,1.1642299999999999,1.1643,1.1642000000000001,1.16429,34,0,0
346,2021-10-22 13:01:00,1.16433,1.16435,1.16417,1.16418,46,0,0
347,2021-10-22 13:02:00,1.16417,1.16419,1.16408,1.16418,46,0,0
348,2021-10-22 13:03:00,1.16419,1.16421,1.1641,1.16418,40,0,0
349,2021-10-22 13:04:00,1.16417,1.16418,1.16414,1.16417,35,0,0
350,2021-10-22 13:05:00,1.16417,1.1642000000000001,1.1641,1.16416,35,0,0
351,2021-10-22 13:06:00,1.16416,1.16422,1.16414,1.16414,31,0,0
352,2021-10-22 13:07:00,1.16414,1.16421,1.16411,1.16413,22,0,0
353,2021-10-22 13:08:00,1.16412,1.16419,1.16409,1.16417,30,0,0
354,2021-10-22 13:09:00,1.16417,1.16417,1.16409,1.16409,31,0,0
355,2021-10-22 13:10:00,1.16408,1.16411,1.16406,1.16408,39,0,0
356,2021-10-22 13:11:00,1.16409,1.16419,1.16404,1.16417,46,0,0
357,2021-10-22 13:12:00,1.16417,1.16419,1.1641,1.16415,34,0,0
358,2021-10-22 13:13:00,1.16417,1.16422,1.16415,1.16415,32,0,0
359,2021-10-22 13:14:00,1.16416,1.16418,1.16407,1.16418,56,0,0
360,2021-10-22 13:15:00,1.16418,1.1642000000000001,1.16413,1.1642000000000001,41,0,0
361,2021-10-22 13:16:00,1.1642000000000001,1.16422,1.16415,1.16421,37,0,0
362,2021-10-22 13:17:00,1.1642000000000001,1.16422,1.16414,1.16416,48,0,0
363,2021-10-22 13:18:00,1.16416,1.16416,1.1641,1.16416,33,0,0
364,2021-10-22 13:19:00,1.16415,1.16421,1.16414,1.16415,38,0,0
365,2021-10-22 13:20:00,1.16416,1.16417,1.16407,1.16417,39,0,0
366,2021-10-22 13:21:00,1.16417,1.1642299999999999,1.16414,1.16419,51,0,0
367,2021-10-22 13:22:00,1.16419,1.16421,1.16416,1.16418,24,0,0
368,2021-10-22 13:23:00,1.16418,1.1642299999999999,1.16413,1.16415,27,0,0
369,2021-10-22 13:24:00,1.16416,1.1642000000000001,1.16416,1.16418,23,0,0
370,2021-10-22 13:25:00,1.16418,1.16419,1.16409,1.16409,42,0,0
371,2021-10-22 13:26:00,1.16409,1.16416,1.16409,1.16413,43,0,0
372,2021-10-22 13:27:00,1.16413,1.16414,1.16407,1.16408,29,0,0
373,2021-10-22 13:28:00,1.16408,1.16417,1.16406,1.16417,37,0,0
374,2021-10-22 13:29:00,1.16416,1.16427,1.1641,1.16424,31,0,0
375,2021-10-22 13:30:00,1.16424,1.1643,1.1642299999999999,1.16424,56,0,0
376,2021-10-22 13:31:00,1.16424,1.16424,1.16417,1.16417,21,0,0
377,2021-10-22 13:32:00,1.16418,1.16418,1.16407,1.16417,55,0,0
378,2021-10-22 13:33:00,1.16417,1.16421,1.16406,1.16406,49,0,0
379,2021-10-22 13:34:00,1.16406,1.1641,1.16406,1.1641,24,0,0
380,2021-10-22 13:35:00,1.16407,1.16417,1.16406,1.1641,52,0,0
381,2021-10-22 13:36:00,1.16409,1.16409,1.1639,1.1639,57,0,0
382,2021-10-22 13:37:00,1.1639,1.16393,1.1638,1.16382,49,0,0
383,2021-10-22 13:38:00,1.16382,1.16387,1.1638,1.16383,25,0,0
384,2021-10-22 13:39:00,1.16382,1.16387,1.1638,1.1638600000000001,42,0,0
385,2021-10-22 13:40:00,1.1638600000000001,1.16387,1.16378,1.16385,34,0,0
386,2021-10-22 13:41:00,1.16385,1.16395,1.16385,1.16393,24,0,0
387,2021-10-22 13:42:00,1.16394,1.16405,1.16392,1.16397,40,0,0
388,2021-10-22 13:43:00,1.16397,1.16402,1.16393,1.16402,31,0,0
389,2021-10-22 13:44:00,1.16402,1.16409,1.1639599999999999,1.16405,42,0,0
390,2021-10-22 13:45:00,1.16404,1.16409,1.16398,1.16406,43,0,0
391,2021-10-22 13:46:00,1.16406,1.1641,1.16405,1.16406,28,0,0
392,2021-10-22 13:47:00,1.16406,1.16406,1.16395,1.1639599999999999,43,0,0
393,2021-10-22 13:48:00,1.16397,1.16406,1.1639599999999999,1.16402,26,0,0
394,2021-10-22 13:49:00,1.16402,1.16407,1.16399,1.16399,27,0,0
395,2021-10-22 13:50:00,1.16399,1.16405,1.16399,1.16404,36,0,0
396,2021-10-22 13:51:00,1.16407,1.16408,1.16399,1.16404,31,0,0
397,2021-10-22 13:52:00,1.16404,1.16405,1.16398,1.16398,27,0,0
398,2021-10-22 13:53:00,1.16398,1.16398,1.16387,1.16387,31,0,0
399,2021-10-22 13:54:00,1.16387,1.1639599999999999,1.16383,1.16395,31,0,0
400,2021-10-22 13:55:00,1.16395,1.16398,1.16392,1.1639599999999999,61,0,0
401,2021-10-22 13:56:00,1.1639599999999999,1.164,1.16385,1.16389,88,0,0
402,2021-10-22 13:57:00,1.16389,1.1639,1.16379,1.16387,79,0,0
403,2021-10-22 13:58:00,1.16387,1.16399,1.1638,1.1638,66,0,0
404,2021-10-22 13:59:00,1.1638,1.16383,1.1636,1.16365,80,0,0
405,2021-10-22 14:00:00,1.16366,1.16385,1.16366,1.16382,85,0,0
406,2021-10-22 14:01:00,1.16382,1.16384,1.16374,1.16375,55,0,0
407,2021-10-22 14:02:00,1.16376,1.16397,1.16375,1.1639599999999999,71,0,0
408,2021-10-22 14:03:00,1.16394,1.1639599999999999,1.16384,1.1638600000000001,55,0,0
409,2021-10-22 14:04:00,1.16385,1.16389,1.16382,1.16387,39,0,0
410,2021-10-22 14:05:00,1.1638600000000001,1.16392,1.16383,1.16392,40,0,0
411,2021-10-22 14:06:00,1.16393,1.16393,1.16388,1.16391,40,0,0
412,2021-10-22 14:07:00,1.16391,1.16399,1.16387,1.16398,55,0,0
413,2021-10-22 14:08:00,1.16398,1.16401,1.16393,1.16395,47,0,0
414,2021-10-22 14:09:00,1.16395,1.16395,1.16378,1.16379,42,0,0
415,2021-10-22 14:10:00,1.16376,1.1639599999999999,1.16376,1.16395,42,0,0
416,2021-10-22 14:11:00,1.16395,1.16404,1.16395,1.16403,39,0,0
417,2021-10-22 14:12:00,1.16403,1.16428,1.16403,1.16428,41,0,0
418,2021-10-22 14:13:00,1.16427,1.16429,1.16425,1.16427,40,0,0
419,2021-10-22 14:14:00,1.16426,1.16429,1.16424,1.16424,21,0,0
420,2021-10-22 14:15:00,1.16424,1.1643,1.16424,1.16429,45,0,0
421,2021-10-22 14:16:00,1.1643,1.16431,1.16426,1.1643,39,0,0
422,2021-10-22 14:17:00,1.16426,1.16432,1.1642000000000001,1.16431,41,0,0
423,2021-10-22 14:18:00,1.16431,1.16435,1.16426,1.1643,65,0,0
424,2021-10-22 14:19:00,1.16429,1.1644,1.16424,1.16424,41,0,0
425,2021-10-22 14:20:00,1.16425,1.1643,1.1642299999999999,1.1643,37,0,0
426,2021-10-22 14:21:00,1.1643,1.16435,1.16428,1.16434,55,0,0
427,2021-10-22 14:22:00,1.16433,1.16435,1.16422,1.1642299999999999,69,0,0
428,2021-10-22 14:23:00,1.1642299999999999,1.16427,1.16414,1.16414,47,0,0
429,2021-10-22 14:24:00,1.16414,1.16414,1.16388,1.16389,69,0,0
430,2021-10-22 14:25:00,1.16391,1.1641,1.16389,1.16407,48,0,0
431,2021-10-22 14:26:00,1.16407,1.16414,1.16403,1.16408,68,0,0
432,2021-10-22 14:27:00,1.16408,1.16409,1.16402,1.16403,27,0,0
433,2021-10-22 14:28:00,1.16403,1.16406,1.16394,1.16397,60,0,0
434,2021-10-22 14:29:00,1.16394,1.16399,1.1639,1.1639,42,0,0
435,2021-10-22 14:30:00,1.1639,1.1639599999999999,1.1638,1.16391,74,0,0
436,2021-10-22 14:31:00,1.16391,1.16392,1.16376,1.1638,49,0,0
437,2021-10-22 14:32:00,1.16379,1.16383,1.16374,1.16376,46,0,0
438,2021-10-22 14:33:00,1.16375,1.16382,1.16375,1.1638,15,0,0
439,2021-10-22 14:34:00,1.1638,1.1638600000000001,1.16374,1.16384,45,0,0
440,2021-10-22 14:35:00,1.16384,1.16392,1.16381,1.1639,55,0,0
441,2021-10-22 14:36:00,1.1639,1.16405,1.16387,1.16402,46,0,0
442,2021-10-22 14:37:00,1.16402,1.16404,1.16392,1.1639599999999999,62,0,0
443,2021-10-22 14:38:00,1.16397,1.16399,1.16383,1.16383,45,0,0
444,2021-10-22 14:39:00,1.16383,1.16397,1.16379,1.1639599999999999,52,0,0
445,2021-10-22 14:40:00,1.1639599999999999,1.16404,1.16387,1.16401,46,0,0
446,2021-10-22 14:41:00,1.16401,1.16412,1.16399,1.16399,40,0,0
447,2021-10-22 14:42:00,1.16401,1.16413,1.164,1.16405,74,0,0
448,2021-10-22 14:43:00,1.16405,1.16407,1.1639599999999999,1.16406,53,0,0
449,2021-10-22 14:44:00,1.16405,1.16407,1.16395,1.164,51,0,0
450,2021-10-22 14:45:00,1.164,1.16403,1.1639,1.16391,47,0,0
451,2021-10-22 14:46:00,1.16392,1.16398,1.1639,1.1639599999999999,37,0,0
452,2021-10-22 14:47:00,1.16398,1.16403,1.16393,1.164,46,0,0
453,2021-10-22 14:48:00,1.16399,1.16407,1.16398,1.16407,46,0,0
454,2021-10-22 14:49:00,1.16407,1.16411,1.16402,1.16403,43,0,0
455,2021-10-22 14:50:00,1.16402,1.16403,1.1639,1.16395,55,0,0
456,2021-10-22 14:51:00,1.16395,1.16395,1.16382,1.1638600000000001,32,0,0
457,2021-10-22 14:52:00,1.1638600000000001,1.16393,1.16375,1.16391,49,0,0
458,2021-10-22 14:53:00,1.1639,1.16391,1.16369,1.16371,66,0,0
459,2021-10-22 14:54:00,1.16371,1.16371,1.1636199999999999,1.1637,62,0,0
460,2021-10-22 14:55:00,1.1637,1.1637,1.16346,1.1636,69,0,0
461,2021-10-22 14:56:00,1.1636,1.1636,1.16347,1.16351,51,0,0
462,2021-10-22 14:57:00,1.1635,1.1635,1.1633,1.16331,67,0,0
463,2021-10-22 14:58:00,1.16329,1.16338,1.1632,1.16338,88,0,0
464,2021-10-22 14:59:00,1.16338,1.1634,1.16311,1.16311,79,0,0
465,2021-10-22 15:00:00,1.16311,1.16312,1.16295,1.16297,101,0,0
466,2021-10-22 15:01:00,1.16296,1.16297,1.16276,1.16283,139,0,0
467,2021-10-22 15:02:00,1.16283,1.16309,1.16278,1.16304,115,0,0
468,2021-10-22 15:03:00,1.16305,1.16308,1.16297,1.1630099999999999,63,0,0
469,2021-10-22 15:04:00,1.163,1.16309,1.16295,1.16296,61,0,0
470,2021-10-22 15:05:00,1.16296,1.16304,1.16292,1.16293,66,0,0
471,2021-10-22 15:06:00,1.16293,1.16305,1.16289,1.163,65,0,0
472,2021-10-22 15:07:00,1.163,1.1630099999999999,1.16286,1.16288,59,0,0
473,2021-10-22 15:08:00,1.16288,1.1630099999999999,1.16281,1.16291,118,0,0
474,2021-10-22 15:09:00,1.16291,1.1629800000000001,1.16288,1.16292,75,0,0
475,2021-10-22 15:10:00,1.16292,1.16295,1.16284,1.16288,71,0,0
476,2021-10-22 15:11:00,1.16289,1.16293,1.16288,1.1629,50,0,0
477,2021-10-22 15:12:00,1.1629,1.1630099999999999,1.16281,1.1630099999999999,57,0,0
478,2021-10-22 15:13:00,1.1630099999999999,1.16312,1.16299,1.1631,90,0,0
479,2021-10-22 15:14:00,1.1631,1.1631,1.16295,1.1630099999999999,80,0,0
480,2021-10-22 15:15:00,1.1630099999999999,1.16307,1.16295,1.16299,94,0,0
481,2021-10-22 15:16:00,1.163,1.16307,1.16291,1.16297,84,0,0
482,2021-10-22 15:17:00,1.16297,1.16311,1.16294,1.1629800000000001,72,0,0
483,2021-10-22 15:18:00,1.16299,1.16299,1.16275,1.16277,67,0,0
484,2021-10-22 15:19:00,1.16277,1.16277,1.16246,1.16252,116,0,0
485,2021-10-22 15:20:00,1.16252,1.16278,1.16246,1.16266,124,0,0
486,2021-10-22 15:21:00,1.16265,1.16292,1.16265,1.16284,98,0,0
487,2021-10-22 15:22:00,1.16285,1.16294,1.16271,1.16292,98,0,0
488,2021-10-22 15:23:00,1.16291,1.16302,1.16283,1.16299,96,0,0
489,2021-10-22 15:24:00,1.163,1.16303,1.16295,1.16297,67,0,0
490,2021-10-22 15:25:00,1.1629800000000001,1.16303,1.1629,1.16292,68,0,0
491,2021-10-22 15:26:00,1.16293,1.16312,1.16292,1.16309,87,0,0
492,2021-10-22 15:27:00,1.16311,1.16311,1.16302,1.16304,84,0,0
493,2021-10-22 15:28:00,1.16304,1.16309,1.16293,1.16307,101,0,0
494,2021-10-22 15:29:00,1.16308,1.16309,1.16294,1.16297,64,0,0
495,2021-10-22 15:30:00,1.16297,1.16314,1.16297,1.16312,83,0,0
496,2021-10-22 15:31:00,1.16312,1.16317,1.16309,1.16316,34,0,0
497,2021-10-22 15:32:00,1.16317,1.16317,1.16308,1.16313,82,0,0
498,2021-10-22 15:33:00,1.16314,1.16314,1.16302,1.16307,71,0,0
499,2021-10-22 15:34:00,1.16307,1.16313,1.1630099999999999,1.16308,86,0,0
500,2021-10-22 15:35:00,1.16311,1.16322,1.16311,1.16314,54,0,0
501,2021-10-22 15:36:00,1.16313,1.16313,1.1629800000000001,1.16305,46,0,0
502,2021-10-22 15:37:00,1.16305,1.16329,1.16304,1.16322,68,0,0
503,2021-10-22 15:38:00,1.16322,1.16339,1.16322,1.16339,78,0,0
504,2021-10-22 15:39:00,1.1634,1.16348,1.16337,1.16342,51,0,0
505,2021-10-22 15:40:00,1.16342,1.16344,1.16321,1.16321,82,0,0
506,2021-10-22 15:41:00,1.16322,1.16338,1.16318,1.16337,58,0,0
507,2021-10-22 15:42:00,1.16337,1.16348,1.16337,1.16341,104,0,0
508,2021-10-22 15:43:00,1.1634,1.16348,1.16327,1.1633,103,0,0
509,2021-10-22 15:44:00,1.1633,1.16339,1.16309,1.16338,110,0,0
510,2021-10-22 15:45:00,1.16338,1.16341,1.16326,1.16337,93,0,0
511,2021-10-22 15:46:00,1.16337,1.16343,1.16334,1.16338,54,0,0
512,2021-10-22 15:47:00,1.16337,1.16358,1.16336,1.16357,70,0,0
513,2021-10-22 15:48:00,1.16356,1.1637,1.16355,1.16368,73,0,0
514,2021-10-22 15:49:00,1.16369,1.16371,1.1636,1.16366,67,0,0
515,2021-10-22 15:50:00,1.16366,1.16373,1.16357,1.16357,79,0,0
516,2021-10-22 15:51:00,1.16357,1.1635900000000001,1.16332,1.16332,78,0,0
517,2021-10-22 15:52:00,1.16332,1.16358,1.16332,1.16355,63,0,0
518,2021-10-22 15:53:00,1.16354,1.16361,1.16342,1.16343,60,0,0
519,2021-10-22 15:54:00,1.16343,1.16349,1.16336,1.1634,72,0,0
520,2021-10-22 15:55:00,1.16341,1.16363,1.1634,1.1636199999999999,58,0,0
521,2021-10-22 15:56:00,1.16363,1.1638600000000001,1.16358,1.16385,84,0,0
522,2021-10-22 15:57:00,1.1638600000000001,1.16391,1.1635,1.16358,100,0,0
523,2021-10-22 15:58:00,1.16358,1.16369,1.16353,1.16366,73,0,0
524,2021-10-22 15:59:00,1.16366,1.16383,1.16366,1.16373,95,0,0
525,2021-10-22 16:00:00,1.16372,1.16379,1.16365,1.16378,80,0,0
526,2021-10-22 16:01:00,1.16377,1.16377,1.16358,1.1635900000000001,75,0,0
527,2021-10-22 16:02:00,1.1635900000000001,1.16364,1.16355,1.16361,74,0,0
528,2021-10-22 16:03:00,1.1636199999999999,1.1636199999999999,1.16354,1.16354,47,0,0
529,2021-10-22 16:04:00,1.16355,1.16358,1.16349,1.16355,70,0,0
530,2021-10-22 16:05:00,1.16354,1.16373,1.16353,1.16372,60,0,0
531,2021-10-22 16:06:00,1.16372,1.16372,1.16351,1.16351,61,0,0
532,2021-10-22 16:07:00,1.16352,1.16352,1.16341,1.16345,51,0,0
533,2021-10-22 16:08:00,1.16346,1.16348,1.16343,1.16347,35,0,0
534,2021-10-22 16:09:00,1.16343,1.16349,1.16343,1.16345,47,0,0
535,2021-10-22 16:10:00,1.16346,1.16346,1.16333,1.16341,50,0,0
536,2021-10-22 16:11:00,1.16342,1.16357,1.16341,1.16355,70,0,0
537,2021-10-22 16:12:00,1.16356,1.16358,1.16346,1.16349,47,0,0
538,2021-10-22 16:13:00,1.1635,1.1635900000000001,1.16348,1.16355,67,0,0
539,2021-10-22 16:14:00,1.16352,1.16352,1.16342,1.16347,46,0,0
540,2021-10-22 16:15:00,1.16346,1.16373,1.16345,1.16373,83,0,0
541,2021-10-22 16:16:00,1.16373,1.1638,1.1636199999999999,1.1637,103,0,0
542,2021-10-22 16:17:00,1.16369,1.1637,1.16353,1.16364,54,0,0
543,2021-10-22 16:18:00,1.16364,1.16369,1.1636,1.1636199999999999,60,0,0
544,2021-10-22 16:19:00,1.1636199999999999,1.16365,1.16349,1.1636199999999999,128,0,0
545,2021-10-22 16:20:00,1.16364,1.16377,1.16358,1.1635900000000001,79,0,0
546,2021-10-22 16:21:00,1.16358,1.16363,1.16351,1.16361,61,0,0
547,2021-10-22 16:22:00,1.16361,1.16371,1.16358,1.16363,37,0,0
548,2021-10-22 16:23:00,1.16363,1.16367,1.16358,1.16367,49,0,0
549,2021-10-22 16:24:00,1.16368,1.1638600000000001,1.16367,1.1638600000000001,74,0,0
550,2021-10-22 16:25:00,1.1638600000000001,1.16392,1.16384,1.1638600000000001,51,0,0
551,2021-10-22 16:26:00,1.1638600000000001,1.16393,1.1636,1.16371,83,0,0
552,2021-10-22 16:27:00,1.16371,1.16374,1.16356,1.16357,63,0,0
553,2021-10-22 16:28:00,1.16357,1.16365,1.16352,1.16364,42,0,0
554,2021-10-22 16:29:00,1.16365,1.16366,1.16353,1.16366,64,0,0
555,2021-10-22 16:30:00,1.16366,1.16375,1.16364,1.16375,99,0,0
556,2021-10-22 16:31:00,1.16371,1.1639,1.16371,1.16385,106,0,0
557,2021-10-22 16:32:00,1.16383,1.16387,1.16371,1.16377,78,0,0
558,2021-10-22 16:33:00,1.16377,1.16382,1.1637,1.16371,66,0,0
559,2021-10-22 16:34:00,1.1637,1.16391,1.16369,1.16383,75,0,0
560,2021-10-22 16:35:00,1.16382,1.16389,1.1637,1.16385,47,0,0
561,2021-10-22 16:36:00,1.16385,1.16395,1.16383,1.16393,87,0,0
562,2021-10-22 16:37:00,1.16393,1.164,1.16379,1.16392,84,0,0
563,2021-10-22 16:38:00,1.16391,1.1642299999999999,1.16389,1.1642299999999999,54,0,0
564,2021-10-22 16:39:00,1.1642299999999999,1.16435,1.1642000000000001,1.16426,80,0,0
565,2021-10-22 16:40:00,1.16426,1.1643,1.1642000000000001,1.1642000000000001,88,0,0
566,2021-10-22 16:41:00,1.1642000000000001,1.16443,1.16414,1.16443,63,0,0
567,2021-10-22 16:42:00,1.16444,1.16459,1.16441,1.16454,91,0,0
568,2021-10-22 16:43:00,1.16452,1.16468,1.16452,1.16467,53,0,0
569,2021-10-22 16:44:00,1.16467,1.16471,1.16441,1.16453,103,0,0
570,2021-10-22 16:45:00,1.16455,1.16455,1.16432,1.16442,164,0,0
571,2021-10-22 16:46:00,1.16443,1.16444,1.16421,1.16434,135,0,0
572,2021-10-22 16:47:00,1.16435,1.16435,1.1642000000000001,1.16426,92,0,0
573,2021-10-22 16:48:00,1.16427,1.16439,1.16416,1.16422,118,0,0
574,2021-10-22 16:49:00,1.1642000000000001,1.16438,1.1642000000000001,1.16438,69,0,0
575,2021-10-22 16:50:00,1.16443,1.16464,1.16442,1.1646,106,0,0
576,2021-10-22 16:51:00,1.16459,1.16464,1.16452,1.16455,87,0,0
577,2021-10-22 16:52:00,1.16455,1.16462,1.16451,1.16453,68,0,0
578,2021-10-22 16:53:00,1.16454,1.16463,1.16451,1.16462,59,0,0
579,2021-10-22 16:54:00,1.16461,1.16466,1.16455,1.16456,87,0,0
580,2021-10-22 16:55:00,1.16456,1.16465,1.1645,1.16452,78,0,0
581,2021-10-22 16:56:00,1.16453,1.16456,1.16446,1.16456,89,0,0
582,2021-10-22 16:57:00,1.16454,1.16463,1.1645,1.16452,84,0,0
583,2021-10-22 16:58:00,1.16454,1.16462,1.1645,1.16453,85,0,0
584,2021-10-22 16:59:00,1.16453,1.16467,1.16446,1.16446,92,0,0
585,2021-10-22 17:00:00,1.16446,1.16449,1.16444,1.16446,55,0,0
586,2021-10-22 17:01:00,1.16446,1.16449,1.16439,1.1644,70,0,0
587,2021-10-22 17:02:00,1.16441,1.1645699999999999,1.16431,1.16431,96,0,0
588,2021-10-22 17:03:00,1.1643,1.16443,1.1643,1.16437,82,0,0
589,2021-10-22 17:04:00,1.16436,1.1644,1.16431,1.16437,75,0,0
590,2021-10-22 17:05:00,1.16437,1.16438,1.16417,1.16424,72,0,0
591,2021-10-22 17:06:00,1.16424,1.16438,1.16424,1.16438,74,0,0
592,2021-10-22 17:07:00,1.16438,1.16456,1.16438,1.16455,99,0,0
593,2021-10-22 17:08:00,1.16455,1.16463,1.1644700000000001,1.16458,86,0,0
594,2021-10-22 17:09:00,1.16458,1.16469,1.16456,1.16463,79,0,0
595,2021-10-22 17:10:00,1.16463,1.1647,1.16455,1.16463,73,0,0
596,2021-10-22 17:11:00,1.16463,1.16467,1.16454,1.16466,87,0,0
597,2021-10-22 17:12:00,1.16464,1.16471,1.16458,1.16462,79,0,0
598,2021-10-22 17:13:00,1.16463,1.16491,1.16463,1.16482,73,0,0
599,2021-10-22 17:14:00,1.16482,1.16492,1.16469,1.16477,63,0,0
600,2021-10-22 17:15:00,1.16477,1.16477,1.16465,1.16473,87,0,0
601,2021-10-22 17:16:00,1.16473,1.16476,1.16463,1.16465,79,0,0
602,2021-10-22 17:17:00,1.16466,1.16467,1.16449,1.1645,65,0,0
603,2021-10-22 17:18:00,1.1645,1.1645,1.16434,1.16446,70,0,0
604,2021-10-22 17:19:00,1.16445,1.16446,1.16435,1.16444,50,0,0
605,2021-10-22 17:20:00,1.16444,1.16451,1.16442,1.16442,44,0,0
606,2021-10-22 17:21:00,1.16443,1.16448,1.16436,1.16442,59,0,0
607,2021-10-22 17:22:00,1.16443,1.16455,1.1644,1.16452,70,0,0
608,2021-10-22 17:23:00,1.16452,1.1645699999999999,1.16446,1.1644700000000001,64,0,0
609,2021-10-22 17:24:00,1.1644700000000001,1.16462,1.1644700000000001,1.16458,66,0,0
610,2021-10-22 17:25:00,1.16458,1.16476,1.16458,1.16464,70,0,0
611,2021-10-22 17:26:00,1.16465,1.16488,1.16464,1.16486,74,0,0
612,2021-10-22 17:27:00,1.16486,1.16496,1.16482,1.16494,54,0,0
613,2021-10-22 17:28:00,1.16494,1.16504,1.16493,1.16498,104,0,0
614,2021-10-22 17:29:00,1.16498,1.16513,1.16494,1.16499,83,0,0
615,2021-10-22 17:30:00,1.16499,1.16503,1.16489,1.1649,93,0,0
616,2021-10-22 17:31:00,1.1649,1.16491,1.16437,1.16438,120,0,0
617,2021-10-22 17:32:00,1.16439,1.16458,1.16438,1.1645699999999999,119,0,0
618,2021-10-22 17:33:00,1.16458,1.16467,1.16455,1.16456,97,0,0
619,2021-10-22 17:34:00,1.16456,1.16478,1.16454,1.16477,66,0,0
620,2021-10-22 17:35:00,1.16477,1.16478,1.16466,1.16469,71,0,0
621,2021-10-22 17:36:00,1.16469,1.1647,1.16448,1.16465,91,0,0
622,2021-10-22 17:37:00,1.16462,1.16464,1.1645,1.16459,94,0,0
623,2021-10-22 17:38:00,1.16459,1.16459,1.1644700000000001,1.16452,80,0,0
624,2021-10-22 17:39:00,1.16453,1.16456,1.16448,1.16452,58,0,0
625,2021-10-22 17:40:00,1.16453,1.16455,1.16449,1.16453,54,0,0
626,2021-10-22 17:41:00,1.16453,1.16459,1.16448,1.16449,65,0,0
627,2021-10-22 17:42:00,1.16448,1.1645,1.1642299999999999,1.16426,117,0,0
628,2021-10-22 17:43:00,1.16426,1.16431,1.16408,1.16413,111,0,0
629,2021-10-22 17:44:00,1.16412,1.16435,1.16406,1.16432,84,0,0
630,2021-10-22 17:45:00,1.16432,1.16438,1.16415,1.16417,90,0,0
631,2021-10-22 17:46:00,1.16417,1.16429,1.16409,1.16424,73,0,0
632,2021-10-22 17:47:00,1.16424,1.16428,1.1641,1.16418,81,0,0
633,2021-10-22 17:48:00,1.16419,1.16446,1.16417,1.16443,86,0,0
634,2021-10-22 17:49:00,1.16441,1.16444,1.16416,1.16416,69,0,0
635,2021-10-22 17:50:00,1.16415,1.16446,1.16414,1.16439,103,0,0
636,2021-10-22 17:51:00,1.16438,1.16439,1.1643,1.16434,68,0,0
637,2021-10-22 17:52:00,1.16434,1.16444,1.16422,1.16441,71,0,0
638,2021-10-22 17:53:00,1.16437,1.16453,1.16437,1.16444,53,0,0
639,2021-10-22 17:54:00,1.16438,1.1644700000000001,1.16429,1.16437,62,0,0
640,2021-10-22 17:55:00,1.16437,1.16439,1.16432,1.16436,51,0,0
641,2021-10-22 17:56:00,1.16436,1.16489,1.16435,1.16475,89,0,0
642,2021-10-22 17:57:00,1.16475,1.16477,1.1646,1.16474,91,0,0
643,2021-10-22 17:58:00,1.1647,1.16474,1.1645699999999999,1.16463,81,0,0
644,2021-10-22 17:59:00,1.16463,1.1648100000000001,1.1645699999999999,1.16458,81,0,0
645,2021-10-22 18:00:00,1.1645699999999999,1.16464,1.16449,1.1646,93,0,0
646,2021-10-22 18:01:00,1.1646,1.16465,1.16454,1.16458,77,0,0
647,2021-10-22 18:02:00,1.1645699999999999,1.16478,1.1645699999999999,1.16474,71,0,0
648,2021-10-22 18:03:00,1.16474,1.16494,1.16473,1.16489,65,0,0
649,2021-10-22 18:04:00,1.16489,1.16496,1.16486,1.16491,84,0,0
650,2021-10-22 18:05:00,1.16491,1.16512,1.16491,1.16504,87,0,0
651,2021-10-22 18:06:00,1.16504,1.1650800000000001,1.16493,1.16498,59,0,0
652,2021-10-22 18:07:00,1.16498,1.16537,1.16497,1.16528,103,0,0
653,2021-10-22 18:08:00,1.16526,1.16537,1.16513,1.16535,144,0,0
654,2021-10-22 18:09:00,1.16535,1.16554,1.1653,1.16534,119,0,0
655,2021-10-22 18:10:00,1.16532,1.16533,1.16504,1.16524,105,0,0
656,2021-10-22 18:11:00,1.16523,1.16536,1.16519,1.16535,112,0,0
657,2021-10-22 18:12:00,1.16534,1.16546,1.16514,1.16515,99,0,0
658,2021-10-22 18:13:00,1.16516,1.16516,1.1648,1.16485,132,0,0
659,2021-10-22 18:14:00,1.1648399999999999,1.1648399999999999,1.1643,1.16436,126,0,0
660,2021-10-22 18:15:00,1.16436,1.16467,1.16431,1.16442,153,0,0
661,2021-10-22 18:16:00,1.16442,1.16444,1.16379,1.16382,226,0,0
662,2021-10-22 18:17:00,1.1638,1.16397,1.16354,1.16374,208,0,0
663,2021-10-22 18:18:00,1.16375,1.16375,1.16322,1.16348,246,0,0
664,2021-10-22 18:19:00,1.16348,1.16356,1.16324,1.1633,220,0,0
665,2021-10-22 18:20:00,1.16331,1.16349,1.16323,1.16347,192,0,0
666,2021-10-22 18:21:00,1.16346,1.16349,1.16294,1.16295,186,0,0
667,2021-10-22 18:22:00,1.16292,1.16292,1.16259,1.16279,230,0,0
668,2021-10-22 18:23:00,1.16275,1.16329,1.16275,1.1632,202,0,0
669,2021-10-22 18:24:00,1.1632,1.16339,1.16315,1.16319,138,0,0
670,2021-10-22 18:25:00,1.16319,1.16319,1.16293,1.1631,151,0,0
671,2021-10-22 18:26:00,1.16311,1.16324,1.16292,1.16315,223,0,0
672,2021-10-22 18:27:00,1.16315,1.16324,1.16302,1.16319,145,0,0
673,2021-10-22 18:28:00,1.16319,1.16338,1.16319,1.16336,123,0,0
674,2021-10-22 18:29:00,1.16336,1.16355,1.16323,1.16353,154,0,0
675,2021-10-22 18:30:00,1.16355,1.16356,1.16339,1.16348,124,0,0
676,2021-10-22 18:31:00,1.16348,1.16353,1.16338,1.16344,103,0,0
677,2021-10-22 18:32:00,1.16344,1.16348,1.16332,1.16344,91,0,0
678,2021-10-22 18:33:00,1.16344,1.16344,1.16269,1.16278,175,0,0
679,2021-10-22 18:34:00,1.16278,1.16299,1.16262,1.1629800000000001,139,0,0
680,2021-10-22 18:35:00,1.163,1.16316,1.16296,1.16312,157,0,0
681,2021-10-22 18:36:00,1.16312,1.16314,1.16297,1.163,101,0,0
682,2021-10-22 18:37:00,1.163,1.1632500000000001,1.16293,1.1632500000000001,146,0,0
683,2021-10-22 18:38:00,1.1632500000000001,1.16337,1.16309,1.16322,98,0,0
684,2021-10-22 18:39:00,1.1632500000000001,1.16339,1.16313,1.16313,141,0,0
685,2021-10-22 18:40:00,1.16314,1.16314,1.16273,1.16279,182,0,0
686,2021-10-22 18:41:00,1.16279,1.16288,1.1626400000000001,1.16272,132,0,0
687,2021-10-22 18:42:00,1.16272,1.16273,1.16254,1.16268,131,0,0
688,2021-10-22 18:43:00,1.16267,1.16295,1.16267,1.16292,133,0,0
689,2021-10-22 18:44:00,1.16292,1.1632500000000001,1.16292,1.16317,174,0,0
690,2021-10-22 18:45:00,1.16316,1.16331,1.16307,1.16322,156,0,0
691,2021-10-22 18:46:00,1.16319,1.16319,1.1630099999999999,1.16312,155,0,0
692,2021-10-22 18:47:00,1.16312,1.16322,1.163,1.16312,175,0,0
693,2021-10-22 18:48:00,1.16313,1.16332,1.16307,1.16317,158,0,0
694,2021-10-22 18:49:00,1.16317,1.16317,1.16287,1.16302,160,0,0
695,2021-10-22 18:50:00,1.16302,1.16305,1.16289,1.1629800000000001,123,0,0
696,2021-10-22 18:51:00,1.16299,1.16337,1.1629800000000001,1.16331,140,0,0
697,2021-10-22 18:52:00,1.1633,1.16341,1.16316,1.16341,104,0,0
698,2021-10-22 18:53:00,1.16338,1.16354,1.1633499999999999,1.1635,115,0,0
699,2021-10-22 18:54:00,1.16351,1.16358,1.1634,1.16349,92,0,0
700,2021-10-22 18:55:00,1.16348,1.16369,1.16343,1.1636,111,0,0
701,2021-10-22 18:56:00,1.1635900000000001,1.16371,1.16331,1.16338,150,0,0
702,2021-10-22 18:57:00,1.16338,1.16357,1.16322,1.16347,208,0,0
703,2021-10-22 18:58:00,1.16346,1.1635900000000001,1.16331,1.16345,170,0,0
704,2021-10-22 18:59:00,1.16343,1.16346,1.16318,1.1632,144,0,0
705,2021-10-22 19:00:00,1.16319,1.16322,1.1629800000000001,1.16299,137,0,0
706,2021-10-22 19:01:00,1.1629800000000001,1.16304,1.16269,1.16284,178,0,0
707,2021-10-22 19:02:00,1.16282,1.16314,1.1628,1.16312,127,0,0
708,2021-10-22 19:03:00,1.16312,1.16314,1.16297,1.16307,153,0,0
709,2021-10-22 19:04:00,1.16307,1.16307,1.16292,1.16295,145,0,0
710,2021-10-22 19:05:00,1.16295,1.16309,1.1629,1.1630099999999999,110,0,0
711,2021-10-22 19:06:00,1.16302,1.16316,1.16292,1.16316,77,0,0
712,2021-10-22 19:07:00,1.16317,1.16322,1.16302,1.16308,129,0,0
713,2021-10-22 19:08:00,1.16307,1.16308,1.16287,1.16288,86,0,0
714,2021-10-22 19:09:00,1.16287,1.16287,1.16275,1.16281,63,0,0
715,2021-10-22 19:10:00,1.16279,1.1628,1.16262,1.16268,73,0,0
716,2021-10-22 19:11:00,1.16268,1.16268,1.16249,1.16253,57,0,0
717,2021-10-22 19:12:00,1.16253,1.16255,1.16219,1.1623,126,0,0
718,2021-10-22 19:13:00,1.1623,1.16238,1.16222,1.16234,85,0,0
719,2021-10-22 19:14:00,1.16237,1.16255,1.16237,1.16243,82,0,0
720,2021-10-22 19:15:00,1.16243,1.16254,1.16235,1.16245,80,0,0
721,2021-10-22 19:16:00,1.16245,1.16252,1.16239,1.1625,81,0,0
722,2021-10-22 19:17:00,1.16249,1.1626400000000001,1.16244,1.16263,76,0,0
723,2021-10-22 19:18:00,1.16263,1.1626400000000001,1.16251,1.16252,56,0,0
724,2021-10-22 19:19:00,1.16254,1.16257,1.16248,1.16257,66,0,0
725,2021-10-22 19:20:00,1.16257,1.16268,1.16251,1.1626400000000001,73,0,0
726,2021-10-22 19:21:00,1.16265,1.16279,1.1626400000000001,1.16278,55,0,0
727,2021-10-22 19:22:00,1.16276,1.1628,1.16261,1.16262,73,0,0
728,2021-10-22 19:23:00,1.16261,1.16271,1.16251,1.16269,63,0,0
729,2021-10-22 19:24:00,1.16268,1.1627,1.16256,1.16257,56,0,0
730,2021-10-22 19:25:00,1.16257,1.1627,1.16251,1.16251,80,0,0
731,2021-10-22 19:26:00,1.1625,1.16267,1.1625,1.1626400000000001,73,0,0
732,2021-10-22 19:27:00,1.16265,1.1628,1.16262,1.1627399999999999,88,0,0
733,2021-10-22 19:28:00,1.1627399999999999,1.1630099999999999,1.16273,1.16299,64,0,0
734,2021-10-22 19:29:00,1.16299,1.16307,1.16295,1.16297,55,0,0
735,2021-10-22 19:30:00,1.16299,1.16299,1.1628,1.16281,74,0,0
736,2021-10-22 19:31:00,1.16282,1.16293,1.16282,1.16291,81,0,0
737,2021-10-22 19:32:00,1.16292,1.1630099999999999,1.16289,1.1629800000000001,93,0,0
738,2021-10-22 19:33:00,1.1629800000000001,1.1632,1.1629800000000001,1.16306,64,0,0
739,2021-10-22 19:34:00,1.16305,1.16316,1.16305,1.16313,63,0,0
740,2021-10-22 19:35:00,1.16314,1.16317,1.16304,1.16314,56,0,0
741,2021-10-22 19:36:00,1.16314,1.1632500000000001,1.16314,1.16316,51,0,0
742,2021-10-22 19:37:00,1.16316,1.16321,1.16311,1.16318,86,0,0
743,2021-10-22 19:38:00,1.16318,1.16319,1.16307,1.16317,55,0,0
744,2021-10-22 19:39:00,1.16314,1.16316,1.16303,1.16309,45,0,0
745,2021-10-22 19:40:00,1.16308,1.1631,1.16296,1.16307,37,0,0
746,2021-10-22 19:41:00,1.16307,1.16328,1.16306,1.16324,47,0,0
747,2021-10-22 19:42:00,1.1632500000000001,1.16345,1.16323,1.16329,61,0,0
748,2021-10-22 19:43:00,1.16329,1.1633499999999999,1.16316,1.16316,50,0,0
749,2021-10-22 19:44:00,1.16317,1.16318,1.16302,1.16303,69,0,0
750,2021-10-22 19:45:00,1.16304,1.16324,1.16304,1.16323,38,0,0
751,2021-10-22 19:46:00,1.16324,1.1634,1.16323,1.1634,45,0,0
752,2021-10-22 19:47:00,1.16339,1.16341,1.16328,1.16338,48,0,0
753,2021-10-22 19:48:00,1.16338,1.16349,1.16332,1.16348,47,0,0
754,2021-10-22 19:49:00,1.16348,1.16348,1.16331,1.16332,48,0,0
755,2021-10-22 19:50:00,1.16332,1.16336,1.16324,1.16324,23,0,0
756,2021-10-22 19:51:00,1.16324,1.16339,1.16323,1.16333,39,0,0
757,2021-10-22 19:52:00,1.16334,1.16334,1.16316,1.16316,43,0,0
758,2021-10-22 19:53:00,1.16316,1.16322,1.16309,1.1632,67,0,0
759,2021-10-22 19:54:00,1.1632,1.16322,1.16315,1.16318,35,0,0
760,2021-10-22 19:55:00,1.16318,1.16322,1.16309,1.16309,33,0,0
761,2021-10-22 19:56:00,1.16309,1.16314,1.16306,1.16307,39,0,0
762,2021-10-22 19:57:00,1.16306,1.1631,1.16299,1.16302,45,0,0
763,2021-10-22 19:58:00,1.16302,1.16318,1.16302,1.16317,54,0,0
764,2021-10-22 19:59:00,1.16317,1.16326,1.16317,1.16324,31,0,0
765,2021-10-22 20:00:00,1.16324,1.1633,1.16317,1.1633,34,0,0
766,2021-10-22 20:01:00,1.1633,1.1633499999999999,1.16329,1.16332,38,0,0
767,2021-10-22 20:02:00,1.16332,1.1634,1.16332,1.16337,37,0,0
768,2021-10-22 20:03:00,1.16338,1.16338,1.16323,1.16324,37,0,0
769,2021-10-22 20:04:00,1.16323,1.16324,1.1630099999999999,1.16302,54,0,0
770,2021-10-22 20:05:00,1.16303,1.16309,1.1629800000000001,1.16303,32,0,0
771,2021-10-22 20:06:00,1.16306,1.16306,1.16286,1.16291,85,0,0
772,2021-10-22 20:07:00,1.1629,1.16291,1.16271,1.1627399999999999,74,0,0
773,2021-10-22 20:08:00,1.1627399999999999,1.16295,1.16273,1.16295,65,0,0
774,2021-10-22 20:09:00,1.16295,1.1630099999999999,1.16293,1.1629800000000001,67,0,0
775,2021-10-22 20:10:00,1.1629800000000001,1.1631,1.16295,1.16296,78,0,0
776,2021-10-22 20:11:00,1.16297,1.16297,1.16286,1.16286,33,0,0
777,2021-10-22 20:12:00,1.16286,1.16288,1.16279,1.16288,36,0,0
778,2021-10-22 20:13:00,1.16288,1.16288,1.16275,1.16276,36,0,0
779,2021-10-22 20:14:00,1.16276,1.16276,1.1626400000000001,1.16268,87,0,0
780,2021-10-22 20:15:00,1.16268,1.16271,1.16259,1.16262,72,0,0
781,2021-10-22 20:16:00,1.16262,1.16267,1.16255,1.16263,51,0,0
782,2021-10-22 20:17:00,1.1626400000000001,1.1626400000000001,1.16248,1.16248,64,0,0
783,2021-10-22 20:18:00,1.16248,1.16258,1.16248,1.16258,38,0,0
784,2021-10-22 20:19:00,1.16258,1.16258,1.16246,1.1625,41,0,0
785,2021-10-22 20:20:00,1.1625,1.16258,1.16246,1.16258,56,0,0
786,2021-10-22 20:21:00,1.16257,1.16258,1.16244,1.16244,49,0,0
787,2021-10-22 20:22:00,1.16245,1.16253,1.16242,1.16246,48,0,0
788,2021-10-22 20:23:00,1.16246,1.16248,1.16242,1.16247,51,0,0
789,2021-10-22 20:24:00,1.16247,1.1626400000000001,1.16244,1.16262,55,0,0
790,2021-10-22 20:25:00,1.16262,1.16272,1.16262,1.16268,52,0,0
791,2021-10-22 20:26:00,1.16268,1.1627399999999999,1.16267,1.16267,43,0,0
792,2021-10-22 20:27:00,1.16266,1.16267,1.16251,1.16251,73,0,0
793,2021-10-22 20:28:00,1.16251,1.16256,1.16247,1.16256,49,0,0
794,2021-10-22 20:29:00,1.16256,1.1626,1.16255,1.16257,24,0,0
795,2021-10-22 20:30:00,1.16258,1.16262,1.16254,1.16258,41,0,0
796,2021-10-22 20:31:00,1.16259,1.1626,1.16258,1.16258,20,0,0
797,2021-10-22 20:32:00,1.16259,1.1626,1.16252,1.16259,35,0,0
798,2021-10-22 20:33:00,1.16258,1.16269,1.16257,1.16269,60,0,0
799,2021-10-22 20:34:00,1.16269,1.16282,1.16269,1.16281,29,0,0
800,2021-10-22 20:35:00,1.16281,1.16285,1.16279,1.16281,26,0,0
801,2021-10-22 20:36:00,1.16281,1.16284,1.1628,1.16283,33,0,0
802,2021-10-22 20:37:00,1.16281,1.16287,1.16281,1.16283,28,0,0
803,2021-10-22 20:38:00,1.16287,1.16305,1.16287,1.16305,52,0,0
804,2021-10-22 20:39:00,1.16305,1.16305,1.16286,1.16286,64,0,0
805,2021-10-22 20:40:00,1.16286,1.16294,1.16278,1.16289,74,0,0
806,2021-10-22 20:41:00,1.16289,1.16291,1.16277,1.16278,58,0,0
807,2021-10-22 20:42:00,1.16278,1.1629800000000001,1.16278,1.16296,29,0,0
808,2021-10-22 20:43:00,1.16296,1.16296,1.1629,1.16295,25,0,0
809,2021-10-22 20:44:00,1.16293,1.16296,1.16287,1.1629,44,0,0
810,2021-10-22 20:45:00,1.1629,1.1629800000000001,1.16288,1.1629800000000001,26,0,0
811,2021-10-22 20:46:00,1.16296,1.1629800000000001,1.16288,1.16289,54,0,0
812,2021-10-22 20:47:00,1.16289,1.16299,1.16289,1.16299,25,0,0
813,2021-10-22 20:48:00,1.16299,1.16305,1.1629800000000001,1.1630099999999999,34,0,0
814,2021-10-22 20:49:00,1.1630099999999999,1.1631,1.16299,1.1631,42,0,0
815,2021-10-22 20:50:00,1.1631,1.16314,1.16305,1.16309,35,0,0
816,2021-10-22 20:51:00,1.16309,1.16309,1.16299,1.16299,33,0,0
817,2021-10-22 20:52:00,1.1629800000000001,1.16313,1.1629800000000001,1.16305,20,0,0
818,2021-10-22 20:53:00,1.16305,1.16306,1.16295,1.16299,44,0,0
819,2021-10-22 20:54:00,1.16299,1.163,1.16293,1.16295,21,0,0
820,2021-10-22 20:55:00,1.16295,1.16299,1.16293,1.16296,46,0,0
821,2021-10-22 20:56:00,1.16295,1.163,1.16294,1.16299,38,0,0
822,2021-10-22 20:57:00,1.163,1.16307,1.1629800000000001,1.16306,29,0,0
823,2021-10-22 20:58:00,1.16306,1.16311,1.16303,1.16311,44,0,0
824,2021-10-22 20:59:00,1.16311,1.16312,1.16303,1.16305,34,0,0
825,2021-10-22 21:00:00,1.16305,1.16312,1.1629800000000001,1.16312,33,0,0
826,2021-10-22 21:01:00,1.16312,1.16315,1.16299,1.16302,30,0,0
827,2021-10-22 21:02:00,1.16302,1.16315,1.16302,1.16306,47,0,0
828,2021-10-22 21:03:00,1.16305,1.16313,1.16303,1.16311,35,0,0
829,2021-10-22 21:04:00,1.16311,1.16316,1.16311,1.16316,28,0,0
830,2021-10-22 21:05:00,1.16316,1.1632,1.1631,1.16312,14,0,0
831,2021-10-22 21:06:00,1.16313,1.16316,1.16309,1.1631,36,0,0
832,2021-10-22 21:07:00,1.16311,1.16321,1.16311,1.16318,29,0,0
833,2021-10-22 21:08:00,1.16319,1.16326,1.16316,1.16326,22,0,0
834,2021-10-22 21:09:00,1.16326,1.16331,1.1632500000000001,1.16326,17,0,0
835,2021-10-22 21:10:00,1.16326,1.16336,1.16323,1.1633499999999999,36,0,0
836,2021-10-22 21:11:00,1.1633499999999999,1.16336,1.1633,1.16331,43,0,0
837,2021-10-22 21:12:00,1.16331,1.16339,1.16331,1.16339,29,0,0
838,2021-10-22 21:13:00,1.16339,1.16343,1.1633499999999999,1.16336,40,0,0
839,2021-10-22 21:14:00,1.1633499999999999,1.16337,1.16329,1.1633499999999999,14,0,0
840,2021-10-22 21:15:00,1.1633499999999999,1.16339,1.16334,1.1633499999999999,34,0,0
841,2021-10-22 21:16:00,1.1633499999999999,1.16339,1.16331,1.16337,54,0,0
842,2021-10-22 21:17:00,1.16336,1.16341,1.16333,1.16339,39,0,0
843,2021-10-22 21:18:00,1.16339,1.16342,1.16333,1.1633499999999999,23,0,0
844,2021-10-22 21:19:00,1.16332,1.16339,1.16329,1.16338,44,0,0
845,2021-10-22 21:20:00,1.16337,1.16342,1.1633499999999999,1.16339,35,0,0
846,2021-10-22 21:21:00,1.16338,1.16343,1.1633499999999999,1.16337,38,0,0
847,2021-10-22 21:22:00,1.16337,1.16345,1.1633499999999999,1.16343,24,0,0
848,2021-10-22 21:23:00,1.16344,1.16347,1.16341,1.16347,23,0,0
849,2021-10-22 21:24:00,1.16346,1.16348,1.16345,1.16347,27,0,0
850,2021-10-22 21:25:00,1.16347,1.16357,1.16346,1.16357,35,0,0
851,2021-10-22 21:26:00,1.16357,1.16357,1.16349,1.1635,27,0,0
852,2021-10-22 21:27:00,1.1635,1.16352,1.16348,1.16349,15,0,0
853,2021-10-22 21:28:00,1.16349,1.16349,1.16348,1.16349,9,0,0
854,2021-10-22 21:29:00,1.16349,1.16358,1.16349,1.16356,32,0,0
855,2021-10-22 21:30:00,1.16355,1.16358,1.16353,1.16357,37,0,0
856,2021-10-22 21:31:00,1.16357,1.16366,1.16356,1.16364,46,0,0
857,2021-10-22 21:32:00,1.16364,1.16368,1.1636199999999999,1.16367,44,0,0
858,2021-10-22 21:33:00,1.16367,1.1637,1.16364,1.16369,25,0,0
859,2021-10-22 21:34:00,1.16369,1.16378,1.16369,1.16377,34,0,0
860,2021-10-22 21:35:00,1.16377,1.16378,1.16365,1.16367,25,0,0
861,2021-10-22 21:36:00,1.16367,1.16378,1.16367,1.16373,14,0,0
862,2021-10-22 21:37:00,1.16375,1.16381,1.16372,1.16375,44,0,0
863,2021-10-22 21:38:00,1.16375,1.16379,1.16373,1.16377,32,0,0
864,2021-10-22 21:39:00,1.16377,1.16381,1.16376,1.16378,17,0,0
865,2021-10-22 21:40:00,1.16377,1.16383,1.16377,1.16382,14,0,0
866,2021-10-22 21:41:00,1.16383,1.16383,1.16378,1.16382,15,0,0
867,2021-10-22 21:42:00,1.1638600000000001,1.16388,1.1638,1.16387,24,0,0
868,2021-10-22 21:43:00,1.1639,1.16392,1.1638600000000001,1.16387,26,0,0
869,2021-10-22 21:44:00,1.16388,1.16388,1.1638600000000001,1.1638600000000001,35,0,0
870,2021-10-22 21:45:00,1.16387,1.16387,1.1638,1.16381,17,0,0
871,2021-10-22 21:46:00,1.16382,1.16384,1.16382,1.16382,9,0,0
872,2021-10-22 21:47:00,1.16379,1.16379,1.16376,1.16376,5,0,0
873,2021-10-22 21:48:00,1.16376,1.16379,1.16376,1.16377,9,0,0
874,2021-10-22 21:49:00,1.16377,1.16377,1.16369,1.16369,40,0,0
875,2021-10-22 21:50:00,1.16368,1.16371,1.16365,1.16366,29,0,0
876,2021-10-22 21:51:00,1.16367,1.16367,1.1636199999999999,1.16364,60,0,0
877,2021-10-22 21:52:00,1.16363,1.16363,1.1636,1.16361,27,0,0
878,2021-10-22 21:53:00,1.16361,1.16365,1.16358,1.1636199999999999,32,0,0
879,2021-10-22 21:54:00,1.1636199999999999,1.16366,1.16358,1.16366,49,0,0
880,2021-10-22 21:55:00,1.16366,1.16371,1.1636199999999999,1.16366,70,0,0
881,2021-10-22 21:56:00,1.16366,1.16371,1.1636199999999999,1.16366,62,0,0
882,2021-10-22 21:57:00,1.16366,1.16371,1.16363,1.1637,50,0,0
883,2021-10-22 21:58:00,1.16371,1.16371,1.1636199999999999,1.16368,68,0,0
884,2021-10-22 21:59:00,1.16368,1.16374,1.16363,1.16363,70,0,0
885,2021-10-22 22:00:00,1.16363,1.1637,1.16357,1.1637,35,0,0
886,2021-10-22 22:01:00,1.16369,1.16372,1.16363,1.16363,19,0,0
887,2021-10-22 22:02:00,1.16363,1.16365,1.16358,1.16364,21,0,0
888,2021-10-22 22:03:00,1.1636199999999999,1.16365,1.1635900000000001,1.16361,24,0,0
889,2021-10-22 22:04:00,1.16361,1.16365,1.16361,1.16364,31,0,0
890,2021-10-22 22:05:00,1.16365,1.16365,1.16358,1.1636199999999999,24,0,0
891,2021-10-22 22:06:00,1.16363,1.16363,1.16356,1.16357,22,0,0
892,2021-10-22 22:07:00,1.16356,1.16357,1.1635,1.16355,40,0,0
893,2021-10-22 22:08:00,1.16355,1.16356,1.16352,1.16355,21,0,0
894,2021-10-22 22:09:00,1.16355,1.16365,1.16355,1.16365,24,0,0
895,2021-10-22 22:10:00,1.16366,1.16366,1.16357,1.16358,18,0,0
896,2021-10-22 22:11:00,1.16358,1.1635900000000001,1.16355,1.1635900000000001,10,0,0
897,2021-10-22 22:12:00,1.16358,1.16358,1.16354,1.16356,10,0,0
898,2021-10-22 22:13:00,1.16356,1.1636199999999999,1.16356,1.1636199999999999,11,0,0
899,2021-10-22 22:14:00,1.1636199999999999,1.1636199999999999,1.16352,1.16352,18,0,0
900,2021-10-22 22:15:00,1.16353,1.16356,1.16352,1.16355,12,0,0
901,2021-10-22 22:16:00,1.16355,1.16363,1.16353,1.16363,25,0,0
902,2021-10-22 22:17:00,1.16363,1.16369,1.16363,1.16369,9,0,0
903,2021-10-22 22:18:00,1.16369,1.16373,1.16369,1.16373,24,0,0
904,2021-10-22 22:19:00,1.16373,1.16374,1.16366,1.16369,11,0,0
905,2021-10-22 22:20:00,1.16371,1.16377,1.16369,1.16377,25,0,0
906,2021-10-22 22:21:00,1.16377,1.1638,1.16376,1.16379,9,0,0
907,2021-10-22 22:22:00,1.1638,1.16383,1.16379,1.16383,8,0,0
908,2021-10-22 22:23:00,1.16383,1.16392,1.16382,1.16382,22,0,0
909,2021-10-22 22:24:00,1.16383,1.1639,1.16383,1.16388,17,0,0
910,2021-10-22 22:25:00,1.16388,1.16389,1.1638600000000001,1.1638600000000001,10,0,0
911,2021-10-22 22:26:00,1.1638600000000001,1.16399,1.1638600000000001,1.16399,28,0,0
912,2021-10-22 22:27:00,1.16398,1.16398,1.16394,1.16394,14,0,0
913,2021-10-22 22:28:00,1.16394,1.16399,1.16392,1.16399,10,0,0
914,2021-10-22 22:29:00,1.16399,1.16403,1.16394,1.1639599999999999,40,0,0
915,2021-10-22 22:30:00,1.1639599999999999,1.1639599999999999,1.16392,1.16394,21,0,0
916,2021-10-22 22:31:00,1.16393,1.16404,1.16393,1.16403,18,0,0
917,2021-10-22 22:32:00,1.16403,1.16403,1.16399,1.16399,15,0,0
918,2021-10-22 22:33:00,1.16399,1.16404,1.16397,1.16403,28,0,0
919,2021-10-22 22:34:00,1.16403,1.16406,1.16402,1.16404,11,0,0
920,2021-10-22 22:35:00,1.16404,1.16409,1.16402,1.16409,11,0,0
921,2021-10-22 22:36:00,1.16409,1.1641,1.16405,1.16406,14,0,0
922,2021-10-22 22:37:00,1.16405,1.16409,1.16405,1.16409,20,0,0
923,2021-10-22 22:38:00,1.16409,1.16415,1.16406,1.16415,30,0,0
924,2021-10-22 22:39:00,1.16415,1.16417,1.16405,1.16416,25,0,0
925,2021-10-22 22:40:00,1.16416,1.16416,1.16412,1.16413,15,0,0
926,2021-10-22 22:41:00,1.16413,1.16417,1.16412,1.16413,15,0,0
927,2021-10-22 22:42:00,1.16413,1.16415,1.16407,1.16412,15,0,0
928,2021-10-22 22:43:00,1.16412,1.16426,1.1641,1.16418,28,0,0
929,2021-10-22 22:44:00,1.16418,1.16419,1.16417,1.16418,11,0,0
930,2021-10-22 22:45:00,1.16417,1.16419,1.16416,1.16416,10,0,0
931,2021-10-22 22:46:00,1.16416,1.16416,1.16411,1.16413,32,0,0
932,2021-10-22 22:47:00,1.16413,1.16417,1.16408,1.16408,13,0,0
933,2021-10-22 22:48:00,1.16408,1.16408,1.16405,1.16406,5,0,0
934,2021-10-22 22:49:00,1.16407,1.16413,1.16406,1.16411,14,0,0
935,2021-10-22 22:50:00,1.16413,1.16417,1.1641,1.16416,26,0,0
936,2021-10-22 22:51:00,1.16416,1.1642299999999999,1.16416,1.16418,30,0,0
937,2021-10-22 22:52:00,1.16417,1.16419,1.16415,1.16417,23,0,0
938,2021-10-22 22:53:00,1.16417,1.1642000000000001,1.16416,1.16419,18,0,0
939,2021-10-22 22:54:00,1.16419,1.16419,1.16416,1.16417,9,0,0
940,2021-10-22 22:55:00,1.16416,1.1642299999999999,1.16416,1.1642299999999999,13,0,0
941,2021-10-22 22:56:00,1.1642299999999999,1.1642299999999999,1.16415,1.16415,19,0,0
942,2021-10-22 22:57:00,1.16415,1.16424,1.16415,1.16422,18,0,0
943,2021-10-22 22:58:00,1.16421,1.16431,1.16421,1.1643,13,0,0
944,2021-10-22 22:59:00,1.1643,1.16436,1.1643,1.16433,43,0,0
945,2021-10-22 23:00:00,1.16433,1.16436,1.1643,1.16434,23,0,0
946,2021-10-22 23:01:00,1.16435,1.16435,1.16431,1.16434,39,6,0
947,2021-10-22 23:02:00,1.16431,1.16436,1.1643,1.1643,27,6,0
948,2021-10-22 23:03:00,1.1643,1.16433,1.1643,1.16431,15,6,0
949,2021-10-22 23:04:00,1.16431,1.16431,1.1642299999999999,1.16425,23,6,0
950,2021-10-22 23:05:00,1.16425,1.16425,1.1642299999999999,1.16425,9,6,0
951,2021-10-22 23:06:00,1.1642000000000001,1.16425,1.1642000000000001,1.16424,13,6,0
952,2021-10-22 23:07:00,1.16424,1.16425,1.1642299999999999,1.16424,9,6,0
953,2021-10-22 23:08:00,1.16424,1.16425,1.16424,1.16425,6,6,0
954,2021-10-22 23:09:00,1.16424,1.16426,1.16424,1.16426,4,6,0
955,2021-10-22 23:10:00,1.16426,1.16426,1.16424,1.16424,2,6,0
956,2021-10-22 23:11:00,1.16419,1.16419,1.16416,1.16416,7,5,0
957,2021-10-22 23:12:00,1.16415,1.16418,1.16415,1.16415,8,5,0
958,2021-10-22 23:13:00,1.16415,1.16415,1.16405,1.16405,6,6,0
959,2021-10-22 23:14:00,1.16406,1.1641,1.16406,1.1641,12,5,0
960,2021-10-22 23:15:00,1.1641,1.16411,1.16409,1.16409,10,6,0
961,2021-10-22 23:16:00,1.16409,1.16411,1.16409,1.16411,6,6,0
962,2021-10-22 23:17:00,1.16411,1.16414,1.16411,1.16413,9,6,0
963,2021-10-22 23:18:00,1.16414,1.16417,1.16414,1.16416,14,6,0
964,2021-10-22 23:19:00,1.16416,1.16421,1.16416,1.16421,21,5,0
965,2021-10-22 23:20:00,1.16421,1.16421,1.16414,1.16421,16,5,0
966,2021-10-22 23:21:00,1.16421,1.16421,1.1642000000000001,1.16421,5,6,0
967,2021-10-22 23:22:00,1.1642000000000001,1.1642000000000001,1.16419,1.1642000000000001,3,6,0
968,2021-10-22 23:23:00,1.1642000000000001,1.16425,1.1642000000000001,1.16424,14,6,0
969,2021-10-22 23:24:00,1.16424,1.16427,1.16424,1.16427,6,6,0
970,2021-10-22 23:25:00,1.16427,1.16427,1.16424,1.16425,3,6,0
971,2021-10-22 23:26:00,1.16425,1.16427,1.1642299999999999,1.16424,9,6,0
972,2021-10-22 23:27:00,1.16424,1.16425,1.16421,1.1642299999999999,9,6,0
973,2021-10-22 23:28:00,1.1642299999999999,1.16426,1.1642299999999999,1.16426,2,6,0
974,2021-10-22 23:29:00,1.1642299999999999,1.16424,1.16419,1.16421,27,6,0
975,2021-10-22 23:30:00,1.1642000000000001,1.1642000000000001,1.16414,1.16414,14,8,0
976,2021-10-22 23:31:00,1.16414,1.1642000000000001,1.16414,1.16418,15,8,0
977,2021-10-22 23:32:00,1.16418,1.16418,1.16412,1.16416,9,8,0
978,2021-10-22 23:33:00,1.16413,1.16416,1.16411,1.16415,8,7,0
979,2021-10-22 23:34:00,1.16412,1.16415,1.16412,1.16412,3,8,0
980,2021-10-22 23:35:00,1.16412,1.16416,1.16411,1.16411,11,8,0
981,2021-10-22 23:36:00,1.16412,1.16412,1.16402,1.16402,11,8,0
982,2021-10-22 23:37:00,1.16403,1.16403,1.16401,1.16402,8,8,0
983,2021-10-22 23:38:00,1.16404,1.16405,1.16404,1.16405,2,11,0
984,2021-10-22 23:39:00,1.16405,1.16409,1.16404,1.16408,8,8,0
985,2021-10-22 23:40:00,1.16408,1.16411,1.16407,1.16408,11,8,0
986,2021-10-22 23:41:00,1.16409,1.16415,1.16408,1.16413,6,10,0
987,2021-10-22 23:42:00,1.16413,1.16413,1.16394,1.16399,12,12,0
988,2021-10-22 23:43:00,1.16399,1.16421,1.16399,1.16421,15,13,0
989,2021-10-22 23:44:00,1.16421,1.1642299999999999,1.16419,1.1642299999999999,7,10,0
990,2021-10-22 23:45:00,1.16422,1.16422,1.16419,1.1642000000000001,21,12,0
991,2021-10-22 23:46:00,1.16421,1.16422,1.16415,1.16417,7,15,0
992,2021-10-22 23:47:00,1.16417,1.1642000000000001,1.16417,1.16418,15,15,0
993,2021-10-22 23:48:00,1.16418,1.16419,1.16417,1.16419,8,13,0
994,2021-10-22 23:49:00,1.16417,1.1642299999999999,1.16417,1.1642299999999999,7,11,0
995,2021-10-22 23:50:00,1.16422,1.1642299999999999,1.16419,1.16421,23,13,0
996,2021-10-22 23:51:00,1.16421,1.16427,1.16421,1.1642299999999999,14,14,0
997,2021-10-22 23:52:00,1.1642299999999999,1.16427,1.16422,1.16427,29,13,0
998,2021-10-22 23:53:00,1.16424,1.16438,1.16424,1.16432,17,13,0
999,2021-10-22 23:54:00,1.16433,1.16439,1.16433,1.16437,24,12,0
